{
  "features": [
    "heart_rate",
    "map",
    "resp_rate",
    "spo2",
    "temp_c",
    "gcs_eye",
    "gcs_verbal",
    "gcs_motor",
    "creatinine",
    "bun",
    "wbc",
    "hemoglobin",
    "lactate",
    "ph",
    "pao2",
    "platelets",
    "glucose"
  ],
  "feature_stats": {
    "heart_rate": {
      "mean": 89.41310782241015,
      "std": 18.478825018446656
    },
    "map": {
      "mean": 75.62257495590829,
      "std": 11.968265728636707
    },
    "resp_rate": {
      "mean": 19.632911392405063,
      "std": 5.430132871356603
    },
    "spo2": {
      "mean": 96.80138468195587,
      "std": 2.7061347975719756
    },
    "temp_c": {
      "mean": 36.99041877502526,
      "std": 0.7615137015799236
    },
    "gcs_eye": {
      "mean": 3.136619718309859,
      "std": 1.1219624954967653
    },
    "gcs_verbal": {
      "mean": 3.3211267605633803,
      "std": 1.899882538471286
    },
    "gcs_motor": {
      "mean": 5.314893617021276,
      "std": 1.3527453655968127
    },
    "creatinine": {
      "mean": 1.8183962240252856,
      "std": 1.847918573978333
    },
    "bun": {
      "mean": 30.954761904761906,
      "std": 26.492840024473747
    },
    "wbc": {
      "mean": 13.308482125401497,
      "std": 10.540778281736104
    },
    "hemoglobin": {
      "mean": 10.36877730007255,
      "std": 1.9829835665530975
    },
    "lactate": {
      "mean": 3.1657894761938796,
      "std": 2.2354413574351515
    },
    "ph": {
      "mean": 7.332052232614204,
      "std": 0.10128965436952839
    },
    "pao2": {
      "mean": 143.7058823529412,
      "std": 105.76995434767308
    },
    "platelets": {
      "mean": 168.30263157894737,
      "std": 83.54744734572728
    },
    "glucose": {
      "mean": 149.4775,
      "std": 61.983814369156086
    }
  }
}